,abody_gpt,abody_elim_gpt_elim
mae,4306.637,3910.305
mse,28931773.557,25543053.701
corr,-0.08814690314231637,0.0288598522175856
abody_mean,1082.722,449.73
gpt_mean,5164.743,4318.139
