,abody_gpt,abody_elim_gpt_elim
mae,1263.992,1013.86
mse,5113297.938,4063859.026
corr,0.04836372064759184,0.008396283367934443
abody_mean,1082.722,449.73
gpt_mean,1730.558,1291.71
