,abody_gpt,abody_elim_gpt_elim
mae,4845.0,4321.647
mse,34318986.356,30027535.971
corr,-0.07672705740984052,0.03472648716012083
abody_mean,1082.722,449.73
gpt_mean,5727.908,4740.149
