,abody_gpt,abody_elim_gpt_elim
mae,1321.627,1215.666
mse,4088740.519,3308743.216
corr,0.06979190452790311,0.03581272052856264
abody_mean,1082.722,449.73
gpt_mean,1996.049,1593.554
