,abody_gpt,abody_elim_gpt_elim
mae,1141.814,941.483
mse,3603365.998,2600524.891
corr,0.06801518819503431,0.03891510772335076
abody_mean,1082.722,449.73
gpt_mean,1723.086,1285.615
