,abody_gpt,abody_elim_gpt_elim
mae,4008.888,3362.16
mse,27622145.258,22957027.082
corr,0.02778294612886873,0.13931434309119123
abody_mean,1082.722,449.73
gpt_mean,4777.848,3714.916
