,abody_gpt,abody_elim_gpt_elim
mae,4059.483,4148.031
mse,28957238.921,29457268.087
corr,-0.027225883557063395,0.12387863804956697
abody_mean,1082.722,449.73
gpt_mean,4715.437,4501.963
