,abody_gpt,abody_elim_gpt_elim
mae,709.417,479.258
mse,1715388.391,359632.742
corr,0.18607015434679838,0.19817145914503068
abody_mean,1082.722,449.73
gpt_mean,1004.923,737.918
