,abody_gpt,abody_elim_gpt_elim
mae,4682.143,4445.773
mse,33035878.913,30910606.027
corr,-0.046298212743035874,0.06508988921881842
abody_mean,1082.722,449.73
gpt_mean,5553.601,4877.903
