,abody_gpt,abody_elim_gpt_elim
mae,5061.104,4525.048
mse,40600584.046,34077327.57
corr,-0.03195716504678775,0.07033585643091793
abody_mean,1082.722,449.73
gpt_mean,5985.72,4960.792
