,abody_gpt,abody_elim_gpt_elim
mae,7062.633,6783.172
mse,58676617.735,55391471.914
corr,-0.1013371026897427,-0.010649866958056774
abody_mean,1082.722,449.73
gpt_mean,8060.675,7229.538
