,abody_gpt,abody_elim_gpt_elim
mae,5413.098,5038.172
mse,38482403.166,35765956.58
corr,-0.0760164184893406,0.0379954210786373
abody_mean,1082.722,449.73
gpt_mean,6344.1,5455.588
