,abody_gpt,abody_elim_gpt_elim
mae,1362.624,1221.118
mse,4417101.936,3404223.308
corr,0.03352535439745094,0.044476214491998525
abody_mean,1082.722,449.73
gpt_mean,2018.452,1595.254
