,abody_gpt,abody_elim_gpt_elim
mae,727.627,422.888
mse,1747751.111,327421.11
corr,0.17563587875019762,0.1471849782518513
abody_mean,1082.722,449.73
gpt_mean,1009.199,633.858
