,abody_gpt,abody_elim_gpt_elim
mae,4440.591,3854.76
mse,31263929.837,26667236.922
corr,-0.05277745882574081,0.04890641031404785
abody_mean,1082.722,449.73
gpt_mean,5309.517,4266.01
