,abody_gpt,abody_elim_gpt_elim
mae,896.3,756.522
mse,1964643.434,793863.478
corr,0.1299151463353491,0.16764917945291072
abody_mean,1082.722,449.73
gpt_mean,1380.164,1091.584
