,abody_gpt,abody_elim_gpt_elim
mae,2149.257,1868.717
mse,12078000.491,9735989.641
corr,0.039806689253272375,0.07476750682895768
abody_mean,1082.722,449.73
gpt_mean,2802.091,2230.053
