,abody_gpt,abody_elim_gpt_elim
mae,4165.59,3250.339
mse,29147017.456,21348474.587
corr,0.011917240539179494,0.11284326846464897
abody_mean,1082.722,449.73
gpt_mean,5014.724,3648.545
