,abody_gpt,abody_elim_gpt_elim
mae,1020.628,1072.937
mse,2119648.224,1437541.547
corr,0.12014517719610579,0.12056199009660848
abody_mean,1082.722,449.73
gpt_mean,1615.374,1461.107
