,abody_gpt,abody_elim_gpt_elim
mae,4782.292,4975.214
mse,32110902.364,34121592.278
corr,-0.042169826603056404,0.027768392742621124
abody_mean,1082.722,449.73
gpt_mean,5583.394,5359.328
