,abody_gpt,abody_elim_gpt_elim
mae,900.595,582.279
mse,2016635.965,638161.879
corr,0.16781316918857503,0.1590429774465281
abody_mean,1082.722,449.73
gpt_mean,1392.241,878.171
