,abody_gpt,abody_elim_gpt_elim
mae,4872.525,4888.389
mse,32928700.657,33607522.667
corr,0.03005402114105276,0.12188585702836975
abody_mean,1082.722,449.73
gpt_mean,5778.107,5319.993
