,abody_gpt,abody_elim_gpt_elim
mae,1363.11,1057.588
mse,2903250.49,1455674.802
corr,0.16172165535521657,0.19241750618664613
abody_mean,1082.722,449.73
gpt_mean,2112.66,1441.986
