,abody_gpt,abody_elim_gpt_elim
mae,1221.41,941.809
mse,4615647.61,3366680.105
corr,0.038730328257718244,-0.02120491821484845
abody_mean,1082.722,449.73
gpt_mean,1062.56,940.563
