,abody_gpt,abody_elim_gpt_elim
mae,1320.995,1052.078
mse,4409463.245,3183984.286
corr,0.05616744214324896,0.06803130961236817
abody_mean,1082.722,449.73
gpt_mean,1965.053,1413.244
