,abody_gpt,abody_elim_gpt_elim
mae,1426.301,1172.718
mse,4876905.533,3407725.462
corr,0.05638315812609337,0.03293559544315067
abody_mean,1082.722,449.73
gpt_mean,2100.051,1541.058
