,abody_gpt,abody_elim_gpt_elim
mae,1121.565,861.524
mse,4313840.345,3206709.154
corr,0.0748550581201504,-0.002841371614387324
abody_mean,1082.722,449.73
gpt_mean,1213.115,952.996
