,abody_gpt,abody_elim_gpt_elim
mae,1814.986,1610.137
mse,4316013.73,3016491.687
corr,0.16414085751261287,0.18598764360211797
abody_mean,1082.722,449.73
gpt_mean,2661.302,2028.985
