,abody_gpt,abody_elim_gpt_elim
mae,831.963,541.519
mse,1763763.275,442061.143
corr,0.21924298055082914,0.28184267692437664
abody_mean,1082.722,449.73
gpt_mean,1323.731,843.701
