,abody_gpt,abody_elim_gpt_elim
mae,3049.645,2769.749
mse,19999195.413,17959390.561
corr,-0.02106096072743584,0.07558220589023361
abody_mean,1082.722,449.73
gpt_mean,3610.031,3033.265
