,abody_gpt,abody_elim_gpt_elim
mae,5257.051,5469.559
mse,36089254.049,38732951.447
corr,-0.048419536888180015,0.018851924058144915
abody_mean,1082.722,449.73
gpt_mean,6144.573,5879.537
