,abody_gpt,abody_elim_gpt_elim
mae,4808.77,5006.262
mse,32032173.808,34223627.09
corr,-0.027046135087261444,0.02089840044031798
abody_mean,1082.722,449.73
gpt_mean,5596.936,5377.326
