,abody_gpt,abody_elim_gpt_elim
mae,932.821,610.238
mse,2295783.885,898069.9
corr,0.08187453785137644,0.11513008815078682
abody_mean,1082.722,449.73
gpt_mean,1428.607,913.086
