,abody_gpt,abody_elim_gpt_elim
mae,6294.532,6034.27
mse,45995756.308,43029814.942
corr,-0.11038311520935734,0.000478001996910398
abody_mean,1082.722,449.73
gpt_mean,7286.648,6479.682
