,abody_gpt,abody_elim_gpt_elim
mae,3875.453,3261.388
mse,26734184.261,22340993.706
corr,0.03356750227002271,0.14438352523752704
abody_mean,1082.722,449.73
gpt_mean,4611.053,3601.812
