,abody_gpt,abody_elim_gpt_elim
mae,4866.989,4211.416
mse,32966918.055,26944786.432
corr,-0.06836746381044007,0.07441362147693754
abody_mean,1082.722,449.73
gpt_mean,5747.161,4638.248
