,abody_gpt,abody_elim_gpt_elim
mae,5054.905,4717.666
mse,33523813.041,31568689.206
corr,-0.05348878183695457,0.03563012379173415
abody_mean,1082.722,449.73
gpt_mean,5979.621,5140.254
