,abody_gpt,abody_elim_gpt_elim
mae,4297.253,3496.504
mse,31549701.743,25598341.514
corr,-0.05752819795105606,0.10527154619935979
abody_mean,1082.722,449.73
gpt_mean,5014.421,3832.244
