,abody_gpt,abody_elim_gpt_elim
mae,3274.116,2612.214
mse,21989446.042,16631217.176
corr,0.002744203710346331,0.12744672583445257
abody_mean,1082.722,449.73
gpt_mean,3912.342,2921.798
