,abody_gpt,abody_elim_gpt_elim
mae,1101.235,821.174
mse,3596418.263,2368327.266
corr,0.06768074912956565,0.02418246443316193
abody_mean,1082.722,449.73
gpt_mean,1091.195,892.326
