,abody_gpt,abody_elim_gpt_elim
mae,4764.523,4650.709
mse,33627227.729,32653893.123
corr,-0.0670601381770848,0.09026555322112359
abody_mean,1082.722,449.73
gpt_mean,5600.361,5080.221
