,abody_gpt,abody_elim_gpt_elim
mae,3148.272,2891.986
mse,19611453.556,17787071.416
corr,0.01575362410974838,0.11650080195233223
abody_mean,1082.722,449.73
gpt_mean,3931.61,3291.358
