,abody_gpt,abody_elim_gpt_elim
mae,5243.062,5533.087
mse,35986607.798,39431130.579
corr,-0.03957424189600203,0.02799621029600615
abody_mean,1082.722,449.73
gpt_mean,6134.99,5951.251
