,abody_gpt,abody_elim_gpt_elim
mae,829.105,772.204
mse,1830703.653,808621.682
corr,0.10284533604530076,0.11181967137667623
abody_mean,1082.722,449.73
gpt_mean,1233.771,1110.404
