,abody_gpt,abody_elim_gpt_elim
mae,1203.793,947.793
mse,5715423.047,4658843.445
corr,0.07139999005593317,0.03058062405719141
abody_mean,1082.722,449.73
gpt_mean,1647.081,1234.311
