,abody_gpt,abody_elim_gpt_elim
mae,1111.498,802.539
mse,3591157.536,2451408.047
corr,0.08696302796664192,0.035730396667710725
abody_mean,1082.722,449.73
gpt_mean,1592.608,1077.447
