,abody_gpt,abody_elim_gpt_elim
mae,1283.169,1054.212
mse,4308869.369,3145806.018
corr,0.04040108000376315,0.048089711652657664
abody_mean,1082.722,449.73
gpt_mean,1894.843,1409.938
