,abody_gpt,abody_elim_gpt_elim
mae,5953.794,5416.615
mse,42084929.06,36168132.781
corr,-0.10616902253943045,-0.011597018647805298
abody_mean,1082.722,449.73
gpt_mean,6941.246,5860.253
