,abody_gpt,abody_elim_gpt_elim
mae,2296.811,1872.572
mse,12789643.065,9438298.158
corr,0.04722559112720455,0.1362956042369639
abody_mean,1082.722,449.73
gpt_mean,2935.139,2211.19
