,abody_gpt,abody_elim_gpt_elim
mae,4892.025,4909.189
mse,34637438.621,35822715.125
corr,-0.016842969690446824,0.07324078742676751
abody_mean,1082.722,449.73
gpt_mean,5745.329,5307.613
