,abody_gpt,abody_elim_gpt_elim
mae,5548.788,5441.721
mse,39232406.292,38284482.591
corr,-0.04681496199781765,0.11164226591288955
abody_mean,1082.722,449.73
gpt_mean,6487.346,5884.775
