,abody_gpt,abody_elim_gpt_elim
mae,1272.915,1091.183
mse,4000365.679,2881780.807
corr,0.059743386432145086,0.025595314311269775
abody_mean,1082.722,449.73
gpt_mean,1883.881,1449.509
