,abody_gpt,abody_elim_gpt_elim
mae,4805.746,4647.752
mse,41717662.604,40934630.844
corr,-0.005749521761479381,0.09291423752621407
abody_mean,1082.722,449.73
gpt_mean,5632.746,5026.206
