,abody_gpt,abody_elim_gpt_elim
mae,1216.141,1003.439
mse,5211033.993,4080247.649
corr,0.030177196270125897,-0.015088608018348371
abody_mean,1082.722,449.73
gpt_mean,1318.739,1125.677
