,abody_gpt,abody_elim_gpt_elim
mae,795.521,552.563
mse,1760923.143,475741.025
corr,0.18843564444140343,0.14417740475925303
abody_mean,1082.722,449.73
gpt_mean,1181.735,834.675
