,abody_gpt,abody_elim_gpt_elim
mae,1108.917,868.599
mse,3974698.121,2835314.041
corr,0.05314218686602976,0.01851733352881553
abody_mean,1082.722,449.73
gpt_mean,1164.153,971.589
