,abody_gpt,abody_elim_gpt_elim
mae,4746.915,4559.032
mse,41737592.091,40931026.376
corr,0.011767019810557758,0.10303951155598899
abody_mean,1082.722,449.73
gpt_mean,5581.595,4939.814
