,abody_gpt,abody_elim_gpt_elim
mae,3257.177,2846.311
mse,20538386.261,17673020.787
corr,-0.02427346599236227,0.08597891061922217
abody_mean,1082.722,449.73
gpt_mean,3846.843,3133.749
