,abody_gpt,abody_elim_gpt_elim
mae,6206.485,5942.38
mse,55518149.369,51561636.032
corr,-0.11310553393254387,0.11533477079400352
abody_mean,1082.722,449.73
gpt_mean,7059.423,6376.84
