,abody_gpt,abody_elim_gpt_elim
mae,1146.925,844.464
mse,4720131.979,3431047.54
corr,0.05124637687646893,-0.011621893725125308
abody_mean,1082.722,449.73
gpt_mean,933.419,815.932
