,abody_gpt,abody_elim_gpt_elim
mae,7337.723,7001.321
mse,72627050.955,67787954.503
corr,-0.12713374528935664,0.01819375578897975
abody_mean,1082.722,449.73
gpt_mean,8288.849,7444.007
