,abody_gpt,abody_elim_gpt_elim
mae,2776.018,2528.296
mse,17117949.032,15526115.7
corr,-0.03501705870391741,0.045699997234260964
abody_mean,1082.722,449.73
gpt_mean,3517.1,2921.816
