,abody_gpt,abody_elim_gpt_elim
mae,5360.015,5001.568
mse,38079793.037,35556309.616
corr,-0.07863284889169264,0.04311233682344093
abody_mean,1082.722,449.73
gpt_mean,6280.695,5416.27
