,abody_gpt,abody_elim_gpt_elim
mae,3923.508,4066.581
mse,26030517.64,27670444.383
corr,-0.002994333771153037,0.031434918745729276
abody_mean,1082.722,449.73
gpt_mean,4583.894,4401.455
