,abody_gpt,abody_elim_gpt_elim
mae,1133.747,951.41
mse,3833000.825,2800516.488
corr,0.03826701729702815,0.03448521244294707
abody_mean,1082.722,449.73
gpt_mean,1668.559,1293.482
