,abody_gpt,abody_elim_gpt_elim
mae,3047.476,2549.163
mse,17748240.822,13897859.725
corr,-0.011777443033393314,0.09409037694222197
abody_mean,1082.722,449.73
gpt_mean,3680.992,2832.833
