,abody_gpt,abody_elim_gpt_elim
mae,5413.003,5162.958
mse,37649097.429,35396940.868
corr,-0.03395499271434309,0.09848638878543634
abody_mean,1082.722,449.73
gpt_mean,6342.817,5604.27
