,abody_gpt,abody_elim_gpt_elim
mae,3501.415,3472.459
mse,24721113.351,24494901.765
corr,-0.01674639115712322,0.09697661100045367
abody_mean,1082.722,449.73
gpt_mean,3995.069,3715.749
