,abody_gpt,abody_elim_gpt_elim
mae,1411.728,1308.308
mse,7098924.59,6577048.198
corr,0.0854086793062595,0.04520265259371505
abody_mean,1082.722,449.73
gpt_mean,2033.776,1670.362
