,abody_gpt,abody_elim_gpt_elim
mae,1389.046,1230.755
mse,4247286.07,3289318.655
corr,0.03943811096350808,0.040689020758525866
abody_mean,1082.722,449.73
gpt_mean,2021.876,1596.241
