,abody_gpt,abody_elim_gpt_elim
mae,5054.371,4725.296
mse,46904573.737,44455194.368
corr,-0.02013581981720317,0.11214953794449894
abody_mean,1082.722,449.73
gpt_mean,5884.443,5103.426
