,abody_gpt,abody_elim_gpt_elim
mae,1122.541,810.092
mse,3641496.911,2363569.806
corr,0.043300883977809505,0.014461272233877547
abody_mean,1082.722,449.73
gpt_mean,1524.795,1061.528
