,abody_gpt,abody_elim_gpt_elim
mae,1478.336,1118.916
mse,9641890.504,7883410.156
corr,-0.01155743823667896,-0.021651690716452465
abody_mean,1082.722,449.73
gpt_mean,1901.848,1381.966
