,abody_gpt,abody_elim_gpt_elim
mae,3995.757,4164.914
mse,28050705.627,29522225.428
corr,-0.02553306619091922,0.13151917035149088
abody_mean,1082.722,449.73
gpt_mean,4635.005,4519.934
