,abody_gpt,abody_elim_gpt_elim
mae,1527.825,1166.997
mse,3386864.869,1747994.465
corr,0.17546519065798669,0.21811518720707315
abody_mean,1082.722,449.73
gpt_mean,2328.291,1564.845
